id,jenis_kambing,jumlah_kambing,Harga_Jual_Kambing,Usia Kambing,Berat Kambing
1,jawa,3,3.124.534.06,Dewasa,61.79
2,kacang,3,1.137.730.75,Tua,50.97
3,kacang,4,2073643.23,Tua,76.32
4,jawa,4,1.980.186.50,Tua,27.41
5,jawa,5,2159076.88,Tua,60.53
6,jawa,2,3110860.06,Remaja,58.9
7,kacang,2,1494576.43,Dewasa,39.13
8,jawa,4,4103692.07,Remaja,75.42
9,etawa,5,2.596.248.77,Remaja,68.29
10,etawa,2,3.471.595.38,Dewasa,78.32
11,jawa,3,4299359.05,Remaja,43.99
12,etawa,3,2.756.086.84,Tua,64.59
13,jawa,2,3.098.866.50,Remaja,56.21
14,etawa,4,4526508.8,Remaja,39.58
15,jawa,2,4.844.727.93,Dewasa,69.64
16,kacang,2,1.685.400.14,Remaja,25.33
17,kacang,5,4368329.44,Tua,50.23
18,etawa,4,2.935.710.71,Tua,47.74
19,kacang,2,2960644.79,Tua,33.33
20,jawa,5,2449085.9,Dewasa,71.8
21,jawa,4,2.817.401.66,Remaja,79.43
22,jawa,3,4766067.08,Remaja,73.99
23,jawa,2,3924132.02,Tua,48.72
24,kacang,5,1.552.813.72,Tua,15.6
25,etawa,3,2686973.77,Remaja,46.05
26,etawa,3,1.902.410.44,Remaja,78.38
27,etawa,4,4.592.082.38,Dewasa,65.7
28,kacang,1,2004848.7,Dewasa,59.42
29,kacang,1,4.067.710.65,Tua,59.01
30,jawa,1,3622057.51,Dewasa,74.21
31,etawa,3,4.910.394.24,Remaja,68.74
32,kacang,2,3.008.868.82,Remaja,49.77
33,jawa,4,3730078.11,Remaja,19.87
34,etawa,4,2.268.693.67,Tua,30.54
35,etawa,4,2915261.2,Tua,43.35
36,jawa,5,3.465.349.09,Tua,78.72
37,kacang,1,2467511.23,Dewasa,34.38
38,etawa,3,1.600.701.48,Dewasa,40.03
39,jawa,1,1575368.36,Remaja,35.75
40,jawa,1,1.030.169.51,Tua,24.94
41,kacang,1,1444003.48,Remaja,21.03
42,kacang,5,1806564.35,Tua,71.31
43,etawa,3,1.522.409.40,Tua,58.38
44,kacang,4,3165619.9,Dewasa,59.64
45,etawa,1,2.481.597.08,Dewasa,54.21
46,jawa,4,4.684.535.70,Dewasa,35.67
47,jawa,5,1225395.78,Tua,28.74
48,kacang,4,4.835.203.90,Remaja,28.74
49,kacang,1,1570314.47,Dewasa,50.09
50,kacang,2,1395687.77,Dewasa,65.56
51,kacang,5,2.432.926.98,Remaja,64.82
52,kacang,3,4.852.642.05,Remaja,54.21
53,etawa,4,3.544.024.16,Remaja,16.16
54,etawa,5,4022206.46,Remaja,34.39
55,jawa,1,1.645.382.24,Remaja,56.84
56,jawa,2,2537349.81,Tua,29.04
57,jawa,1,3.825.518.22,Remaja,68.47
58,etawa,3,1.560.806.70,Tua,63.25
59,jawa,4,4524065.19,Remaja,36.0
60,etawa,4,3.351.274.88,Tua,78.21
61,kacang,2,1854600.94,Dewasa,71.94
62,etawa,4,3170481.58,Dewasa,70.0
63,jawa,2,2.816.041.89,Remaja,27.51
64,etawa,1,3.141.332.78,Remaja,37.44
65,etawa,1,1.244.362.76,Tua,19.91
66,jawa,2,1356174.06,Tua,63.17
67,jawa,1,4510574.52,Tua,47.12
68,kacang,2,3635282.2,Tua,53.77
69,jawa,5,1.628.046.57,Tua,69.9
70,jawa,5,1766781.19,Remaja,51.56
71,etawa,4,2.165.433.74,Dewasa,57.04
72,etawa,3,4.543.390.72,Tua,60.45
73,etawa,1,2926131.08,Remaja,37.24
74,etawa,3,3.268.788.33,Tua,75.8
75,kacang,4,1.462.684.12,Dewasa,27.32
76,etawa,5,4.134.312.60,Remaja,56.78
77,etawa,3,4.455.829.87,Dewasa,16.15
78,kacang,4,1969961.43,Dewasa,65.2
79,jawa,4,4626622.23,Remaja,41.83
80,etawa,1,2.213.303.71,Tua,54.21
81,kacang,5,1783719.13,Tua,20.28
82,kacang,5,3769084.89,Remaja,20.33
83,jawa,2,4.701.439.77,Remaja,77.32
84,jawa,3,1073542.33,Tua,18.28
85,kacang,2,4662623.46,Remaja,69.82
86,jawa,1,1.389.068.49,Dewasa,51.5
87,kacang,1,2.623.202.73,Remaja,31.25
88,jawa,5,1.963.121.11,Remaja,
89,jawa,2,1.550.274.29,Dewasa,62.14
90,etawa,5,1.244.919.17,Tua,58.65
91,jawa,3,2527089.64,Dewasa,25.63
92,etawa,4,3151824.35,Remaja,48.19
93,etawa,1,1.196.738.78,Remaja,61.96
94,jawa,5,1.087.154.34,Dewasa,52.13
95,etawa,1,4786835.79,Dewasa,18.9
96,etawa,4,4630524.67,Remaja,74.25
97,etawa,3,3.642.247.63,Tua,24.64
98,etawa,5,2722698.41,Tua,61.56
99,kacang,1,4392926.11,Dewasa,40.44
100,kacang,2,1574307.16,Tua,79.65
101,kacang,3,4.302.943.20,Remaja,36.28
102,jawa,2,1.482.087.46,Remaja,74.19
103,kacang,3,3.853.717.92,Remaja,19.2
104,etawa,4,2558226.66,Tua,79.62
105,kacang,1,4302606.53,Remaja,48.22
106,etawa,4,3.364.594.43,Tua,39.46
107,jawa,1,1.887.038.74,Remaja,54.21
108,jawa,4,4709852.84,Tua,18.72
109,etawa,5,1821630.79,Dewasa,67.11
110,etawa,3,3477965.06,Remaja,61.31
111,etawa,1,1188947.26,Remaja,22.55
112,kacang,3,1.657.051.25,Remaja,71.77
113,etawa,4,3.540.764.89,Tua,64.16
114,kacang,5,3.194.447.02,Tua,71.92
115,jawa,3,1161338.61,Dewasa,53.74
116,etawa,4,2.717.004.11,Tua,60.65
117,kacang,5,1414835.17,Tua,30.81
118,jawa,2,1323661.36,Dewasa,43.42
119,kacang,1,2.985.860.72,Tua,34.48
120,etawa,4,1.063.001.56,Dewasa,45.86
121,kacang,2,1.488.192.21,Remaja,64.43
122,kacang,4,1410835.41,Dewasa,55.1
123,kacang,5,3553535.27,Tua,30.81
124,jawa,2,2.379.301.30,Remaja,78.72
125,etawa,2,1882192.5,Tua,18.34
126,kacang,3,1.678.670.56,Tua,38.63
127,kacang,2,4.902.597.31,Dewasa,64.43
128,etawa,5,3.294.589.95,Dewasa,51.48
129,kacang,2,3.127.758.21,Tua,19.51
130,kacang,5,1.180.918.92,Dewasa,16.3
131,etawa,5,4399586.88,Tua,78.93
132,etawa,3,1.668.302.24,Dewasa,62.27
133,kacang,2,2.401.511.95,Dewasa,53.73
134,kacang,4,4.292.269.66,Tua,39.49
135,kacang,4,4.695.503.60,Remaja,54.33
136,kacang,1,4.665.633.16,Remaja,29.56
137,jawa,5,2371741.55,Tua,45.38
138,jawa,5,4345410.15,Remaja,16.74
139,jawa,2,3.275.612.13,Remaja,44.78
140,jawa,4,3.822.215.53,Remaja,53.41
141,etawa,1,1.494.054.30,Tua,50.73
142,etawa,3,1677338.27,Remaja,32.29
143,etawa,3,3.948.059.51,Tua,21.3
144,etawa,5,4410342,Dewasa,46.84
145,jawa,4,3.272.681.82,Dewasa,32.94
146,etawa,4,2048378.42,Tua,61.7
147,kacang,5,2934807.4,Tua,50.73
148,jawa,3,2.819.248.55,Remaja,34.39
149,etawa,2,4510250,Tua,73.04
150,etawa,2,3.085.411.03,Remaja,58.64
151,jawa,5,3662641.15,Tua,38.09
152,jawa,2,4560205.53,Tua,19.31
153,kacang,4,3362482.56,Tua,38.09
154,kacang,2,1459749.18,Dewasa,19.31
155,jawa,1,4.769.109.25,Tua,51.6
156,jawa,5,3593371.25,Remaja,35.97
157,kacang,5,1.022.302.14,Remaja,61.97
158,kacang,4,3.905.306.07,Dewasa,30.6
159,jawa,1,1576650.05,Remaja,60.53
160,jawa,3,4567442.49,Tua,29.32
161,kacang,1,2478196.27,Tua,31.6
162,etawa,4,4880269.07,Remaja,54.07
163,jawa,3,3.519.436.80,Tua,57.93
164,jawa,5,3.697.619.41,Tua,26.24
165,etawa,2,1.050.363.95,Tua,35.0
166,jawa,3,4.703.802.28,Tua,22.31
167,etawa,3,4.773.466.66,Dewasa,49.2
168,etawa,1,4.555.265.90,Remaja,19.77
169,kacang,2,1270875.1,Dewasa,38.09
170,etawa,4,3425321.6,Tua,22.49
171,kacang,3,1487435.58,Remaja,38.31
172,etawa,2,2.460.797.59,Tua,72.05
173,kacang,3,1885300.13,Remaja,46.31
174,etawa,5,2365512.75,Remaja,15.5
175,jawa,1,4.355.469.42,Dewasa,63.83
176,kacang,1,2248592.7,Tua,46.21
177,jawa,2,2.960.592.78,Tua,73.19
178,kacang,5,2989938.59,Remaja,37.09
179,jawa,5,1517729.25,Dewasa,79.19
180,etawa,2,1.426.564.90,Remaja,19.67
181,etawa,1,3537790.71,Tua,36.36
182,jawa,1,1.681.958.56,Remaja,70.45
183,jawa,5,1668184.03,Tua,59.1
184,etawa,2,3.102.893.71,Remaja,33.54
185,jawa,1,2.953.598.54,Dewasa,21.15
186,etawa,1,4.606.278.13,Dewasa,16.75
187,kacang,3,3.337.234.97,Remaja,32.81
188,kacang,1,1570124.02,Tua,26.84
189,etawa,2,2.441.434.46,Tua,61.83
190,etawa,4,3454355.34,Tua,51.34
191,kacang,5,1.690.016.93,Remaja,18.14
192,jawa,4,1914545.23,Tua,56.55
193,etawa,4,4840839.2,Remaja,60.11
194,jawa,1,1.319.194.54,Tua,56.8
195,jawa,1,4.940.513.56,Dewasa,22.82
196,jawa,2,4664514.72,Tua,59.55
197,kacang,5,1104457.47,Tua,25.3
198,etawa,3,3918415.71,Tua,33.0
199,jawa,5,1.073.345.92,Tua,70.73
200,kacang,3,2690602.74,Tua,65.92
201,jawa,1,2.441.962.64,Tua,68.36
202,jawa,5,2619683.16,Dewasa,34.78
203,jawa,3,2.986.795.15,Tua,41.7
204,etawa,1,1.679.014.50,Remaja,29.71
205,jawa,2,1634153.26,Tua,53.19
206,jawa,2,1.385.907.26,Dewasa,30.13
207,kacang,3,2092728.04,Tua,16.07
208,kacang,3,4718442.22,Dewasa,78.9
209,jawa,5,2844995.66,Dewasa,35.3
210,kacang,5,1.086.674.65,Remaja,79.98
211,kacang,3,2364358.25,Tua,74.73
212,kacang,5,1653552.95,Remaja,59.5
213,jawa,2,3.750.277.09,Tua,75.04
214,etawa,4,3112778.15,Tua,68.88
215,etawa,4,1290748.29,Remaja,50.78
216,kacang,5,2.191.151.76,Tua,27.31
217,jawa,4,4.700.140.61,Remaja,44.6
218,kacang,3,3440685.38,Remaja,34.08
219,etawa,1,1.113.579.50,Dewasa,76.18
220,jawa,2,1.279.942.43,Dewasa,59.79
221,kacang,5,3.051.496.58,Tua,70.56
222,jawa,4,3.112.695.64,Tua,37.87
223,etawa,3,1.317.216.60,Remaja,63.46
224,etawa,4,2.666.811.88,Dewasa,34.86
225,jawa,3,2.341.267.16,Tua,44.74
226,etawa,4,2265074.07,Remaja,67.84
227,kacang,3,1036589.48,Remaja,74.59
228,kacang,1,4.337.302.66,Remaja,65.94
229,kacang,4,1.056.483.42,Remaja,55.47
230,etawa,1,3.429.265.49,Remaja,27.35
231,etawa,3,4.788.792.27,Dewasa,70.25
232,etawa,3,1368451.83,Tua,19.37
233,jawa,2,4.217.249.49,Tua,15.07
234,jawa,4,2120947.22,Remaja,63.94
235,kacang,2,4470110.67,Tua,62.03
236,kacang,3,1.668.000.86,Dewasa,79.45
237,jawa,3,1026133.93,Tua,73.92
238,jawa,4,4349847.3,Remaja,32.68
239,kacang,5,3142399.17,Tua,44.46
240,kacang,4,3.638.272.49,Tua,71.98
241,jawa,5,3976164.5,Dewasa,44.89
242,jawa,2,4.008.377.50,Dewasa,45.27
243,kacang,5,3.733.602.83,Dewasa,19.91
244,kacang,2,3.301.233.93,Tua,51.55
245,jawa,4,1678589.56,Tua,32.03
246,kacang,2,4149983.8,Tua,71.31
247,jawa,3,2643895.16,Tua,67.31
248,kacang,4,3.138.994.36,Remaja,20.13
249,jawa,4,4741510.29,Remaja,47.28
250,etawa,1,4957194.49,Remaja,64.7
251,etawa,3,3.067.949.86,Remaja,19.5
252,etawa,3,2.811.552.33,Tua,45.41
253,jawa,2,2.456.982.22,Tua,38.78
254,jawa,3,4480240.36,Tua,60.08
255,etawa,2,4535027.94,Dewasa,68.24
256,kacang,4,4191276.73,Remaja,46.62
257,kacang,5,1767433.43,Remaja,26.37
258,etawa,4,1698596.44,Dewasa,35.72
259,etawa,2,2316944.45,Tua,47.92
260,kacang,4,3482232.69,Remaja,61.8
261,jawa,3,2.320.601.04,Dewasa,76.37
262,jawa,4,1.481.959.42,Dewasa,43.11
263,kacang,2,4953784.74,Tua,51.0
264,kacang,2,3289476.92,Remaja,71.25
265,jawa,5,1427473.07,Dewasa,65.65
266,etawa,3,3.314.552.69,Remaja,31.26
267,kacang,4,1697998.94,Dewasa,44.93
268,jawa,2,3676988.3,Dewasa,47.09
269,kacang,2,1.112.897.49,Tua,20.15
270,etawa,5,3.011.847.78,Remaja,30.3
271,kacang,2,2.113.038.51,Remaja,19.8
272,etawa,5,4906182.72,Dewasa,52.06
273,jawa,3,2.898.160.07,Remaja,48.36
274,jawa,2,4.005.538.85,Tua,78.84
275,etawa,2,3.214.789.35,Dewasa,17.83
276,jawa,2,2142368.65,Dewasa,56.3
277,jawa,2,2.727.907.12,Remaja,33.78
278,jawa,2,1375352.61,Tua,28.58
279,kacang,1,3.112.796.69,Dewasa,70.62
280,jawa,4,1621727.58,Tua,55.74
281,jawa,2,3949614.25,Dewasa,63.27
282,kacang,2,3812010.29,Dewasa,76.52
283,kacang,5,2084217.67,Dewasa,70.81
284,kacang,3,1100951.45,Remaja,71.85
285,jawa,4,3.022.380.75,Remaja,15.87
286,kacang,1,3.102.323.15,Dewasa,60.91
287,jawa,3,1.068.063.65,Tua,61.02
288,kacang,2,4247119.91,Dewasa,33.07
289,jawa,4,2.801.265.96,Remaja,68.66
290,kacang,5,3.226.500.64,Tua,65.72
291,kacang,3,2.603.785.48,Tua,32.56
292,jawa,3,2.063.554.79,Tua,50.09
293,jawa,5,3776929.26,Remaja,60.05
294,kacang,4,1188768.74,Dewasa,66.05
295,kacang,3,1074411.35,Remaja,39.13
296,etawa,3,1459856.69,Tua,51.99
297,jawa,2,2266703.76,Remaja,22.2
298,jawa,5,2.163.680.18,Dewasa,75.48
299,kacang,3,3920820.52,Dewasa,78.5
300,etawa,1,3552993.58,Remaja,24.31
301,kacang,1,4.832.113.75,Tua,59.19
302,etawa,4,3.774.936.79,Dewasa,54.91
303,jawa,2,1719577.77,Dewasa,15.68
304,jawa,1,3134746.27,Tua,36.13
305,jawa,5,1.780.797.47,Dewasa,64.06
306,etawa,2,3722037.56,Dewasa,32.61
307,jawa,1,2064960.56,Tua,22.17
308,kacang,3,2027843.64,Remaja,74.27
309,jawa,5,1.400.779.14,Dewasa,41.09
310,etawa,4,2948799.44,Remaja,67.86
311,kacang,4,2215685.15,Tua,75.77
312,jawa,2,4.894.242.80,Remaja,57.1
313,jawa,2,1.711.978.24,Remaja,77.79
314,etawa,4,4.957.728.60,Dewasa,62.43
315,etawa,1,1.987.115.96,Remaja,73.16
316,etawa,2,3349243,Tua,23.61
317,etawa,3,4886946.05,Tua,34.56
318,etawa,2,4.032.438.22,Dewasa,51.54
319,etawa,1,1822449.15,Tua,61.85
320,jawa,4,4683483.5,Remaja,26.21
321,etawa,5,4.472.244.52,Dewasa,65.34
322,etawa,4,1485620.44,Dewasa,18.32
323,etawa,5,2.439.073.64,Tua,65.84
324,jawa,5,2844538.56,Remaja,71.86
325,etawa,2,1187890.9,Tua,51.54
326,jawa,5,1147175.16,Dewasa,18.53
327,kacang,4,1.523.165.03,Remaja,73.17
328,jawa,1,4582193.98,Remaja,52.42
329,jawa,5,3853874.61,Dewasa,45.12
330,jawa,3,4.036.268.55,Remaja,78.5
331,kacang,4,1.707.602.24,Remaja,56.48
332,kacang,2,2622675.97,Tua,79.99
333,kacang,5,2.537.326.98,Dewasa,69.07
334,kacang,5,3.364.028.51,Remaja,23.46
335,etawa,1,3.717.619.69,Dewasa,65.65
336,jawa,1,4.806.308.34,Dewasa,70.26
337,etawa,3,2.215.307.42,Dewasa,77.18
338,etawa,2,2.376.892.15,Remaja,75.78
339,jawa,5,2033582.64,Remaja,69.07
340,etawa,3,4.783.610.35,Tua,51.61
341,kacang,5,3349875.6,Dewasa,17.33
342,kacang,5,4.014.812.05,Dewasa,65.08
343,kacang,1,2.143.390.71,Dewasa,19.2
344,jawa,1,2672954.01,Tua,78.9
345,etawa,3,2184375.87,Dewasa,71.84
346,etawa,4,3190927.76,Remaja,43.58
347,etawa,3,4.833.718.73,Remaja,20.0
348,kacang,3,1364671.72,Dewasa,53.31
349,etawa,2,2116998.5,Dewasa,76.11
350,kacang,5,4.288.355.84,Tua,53.76
351,jawa,5,2.700.348.36,Dewasa,36.35
352,etawa,2,4.494.683.35,Tua,30.71
353,jawa,2,2.160.939.73,Remaja,68.41
354,kacang,5,3690969.26,Remaja,18.0
355,kacang,5,4932741.96,Dewasa,62.68
356,kacang,3,3.570.713.27,Tua,67.66
357,jawa,2,3258523.39,Dewasa,33.59
358,kacang,1,2.052.800.69,Dewasa,79.13
359,jawa,2,2.541.571.31,Remaja,26.88
360,etawa,2,2.236.309.54,Dewasa,74.28
361,jawa,2,1409942,Tua,48.69
362,kacang,1,2.566.188.73,Tua,56.16
363,etawa,5,4855328.71,Tua,45.24
364,etawa,1,4.568.782.51,Remaja,52.79
365,jawa,3,3.286.278.88,Remaja,71.23
366,kacang,3,3.524.114.21,Tua,40.22
367,etawa,5,3432575.28,Dewasa,51.02
368,jawa,1,1887093.29,Remaja,44.45
369,kacang,3,3261098.45,Remaja,45.0
370,etawa,4,4433923.16,Tua,22.68
371,jawa,1,4.574.405.54,Tua,69.32
372,jawa,5,1.523.210.00,Tua,42.13
373,etawa,4,3768815.52,Remaja,18.71
374,etawa,3,1.816.381.45,Dewasa,70.67
375,kacang,3,3325472.58,Remaja,41.75
376,jawa,4,2.329.263.47,Tua,56.12
377,jawa,2,1889064.46,Remaja,41.07
378,kacang,4,3.473.026.74,Remaja,36.65
379,jawa,3,3.626.055.13,Dewasa,18.81
380,jawa,5,2.309.377.24,Dewasa,75.5
381,kacang,5,2917225.08,Remaja,78.69
382,kacang,5,1619923.08,Dewasa,55.33
383,etawa,1,2264083.88,Remaja,38.63
384,etawa,2,1133795.49,Tua,78.97
385,jawa,2,1.003.776.91,Remaja,29.77
386,jawa,4,3.312.546.77,Dewasa,73.76
387,kacang,5,1124036.52,Dewasa,26.39
388,etawa,2,4998528.96,Remaja,46.69
389,etawa,3,3537352.76,Remaja,54.22
390,etawa,1,4.291.228.80,Tua,70.48
391,kacang,4,2451148.29,Dewasa,43.45
392,jawa,2,2.208.691.27,Dewasa,65.18
393,kacang,4,1.479.002.97,Dewasa,66.77
394,etawa,3,3.869.357.11,Tua,20.93
395,jawa,3,3800399.21,Remaja,30.51
396,kacang,1,1.786.153.06,Remaja,15.04
397,jawa,1,2.025.141.66,Remaja,69.41
398,jawa,1,1.622.406.91,Dewasa,38.96
399,etawa,4,3.267.434.07,Remaja,16.61
400,kacang,4,4.923.741.32,Dewasa,34.94
401,jawa,5,4.929.733.37,Dewasa,51.1
402,kacang,1,1758282.23,Remaja,20.72
403,etawa,2,3.451.639.01,Dewasa,58.55
404,jawa,4,1179889.25,Tua,19.72
405,jawa,1,3951235.52,Remaja,63.27
406,etawa,1,4.682.109.60,Tua,32.23
407,etawa,4,3.364.443.72,Tua,70.12
408,etawa,3,3.249.155.70,Dewasa,78.5
409,etawa,3,2.973.535.69,Tua,56.38
410,etawa,2,3075578.06,Remaja,62.66
411,kacang,2,1.817.946.76,Tua,18.22
412,jawa,4,2.946.103.83,Tua,32.89
413,etawa,5,4.908.598.57,Dewasa,19.72
414,kacang,2,2.155.263.52,Remaja,71.63
415,etawa,3,2.974.596.25,Dewasa,20.98
416,etawa,3,1.172.563.79,Remaja,37.42
417,kacang,2,1333867.69,Dewasa,20.24
418,jawa,1,2799154.16,Dewasa,47.82
419,kacang,2,4110326.37,Dewasa,37.62
420,kacang,5,1.101.231.75,Remaja,65.11
421,kacang,5,4.278.818.44,Dewasa,53.08
422,jawa,4,1933686.69,Remaja,37.28
423,etawa,1,3.188.239.67,Dewasa,55.98
424,jawa,2,2.717.893.86,Dewasa,42.52
425,kacang,2,4723044.67,Remaja,32.75
426,kacang,1,1476855.33,Remaja,21.82
427,kacang,5,2.716.572.20,Dewasa,54.93
428,jawa,3,2.528.506.71,Dewasa,56.09
429,kacang,3,2.189.002.25,Tua,23.39
430,kacang,5,2.699.663.90,Tua,26.49
431,jawa,2,3698558.78,Tua,42.03
432,etawa,5,3124602.92,Dewasa,76.33
433,jawa,5,1.638.377.97,Remaja,54.57
434,jawa,5,2772279.46,Dewasa,68.77
435,jawa,5,1403067.24,Tua,57.39
436,kacang,5,1.812.514.31,Tua,39.1
437,jawa,2,4379391.71,Tua,70.0
438,etawa,3,4820227.68,Tua,34.5
439,jawa,5,3224955.4,Dewasa,78.86
440,etawa,2,2.127.945.07,Dewasa,25.41
441,kacang,4,3104187.15,Tua,75.05
442,etawa,4,2.837.068.65,Dewasa,44.75
443,kacang,5,4787314.01,Tua,19.75
444,kacang,1,4676568.81,Dewasa,48.89
445,kacang,1,4.792.447.41,Remaja,63.52
446,etawa,2,2.021.133.40,Remaja,79.8
447,kacang,2,1.855.295.44,Tua,46.06
448,etawa,4,1.074.925.56,Tua,18.1
449,jawa,3,2468027.67,Remaja,61.77
450,etawa,4,2.410.276.76,Tua,72.45
451,etawa,3,2223025.96,Tua,58.33
452,jawa,5,2.785.793.63,Remaja,57.99
453,kacang,2,4941186.39,Remaja,35.97
454,kacang,3,1.902.687.49,Remaja,50.1
455,etawa,4,3.903.197.44,Tua,74.44
456,kacang,3,4496096.47,Dewasa,24.77
457,etawa,2,1.628.766.08,Remaja,54.8
458,kacang,3,3.021.763.88,Dewasa,27.57
459,jawa,5,2736226.02,Dewasa,33.98
460,etawa,5,1646766.24,Dewasa,42.12
461,etawa,2,2.067.963.65,Dewasa,18.7
462,kacang,5,3892148.66,Tua,55.93
463,etawa,5,2.039.959.77,Tua,54.87
464,kacang,4,4.273.078.26,Remaja,29.57
465,kacang,4,2.232.106.32,Remaja,25.05
466,etawa,3,1325187.36,Tua,41.37
467,jawa,4,3.803.803.08,Remaja,33.57
468,jawa,4,1.511.949.24,Remaja,36.5
469,etawa,4,1.388.782.18,Dewasa,31.68
470,etawa,3,4.656.032.44,Tua,59.99
471,etawa,4,2910009.51,Dewasa,71.42
472,jawa,3,2.474.281.68,Tua,74.05
473,jawa,2,1736488.9,Tua,55.93
474,etawa,3,3088362.57,Remaja,36.8
475,jawa,3,2.255.450.98,Tua,32.84
476,kacang,4,2.183.915.12,Dewasa,62.75
477,jawa,4,2051023.69,Dewasa,34.14
478,kacang,5,2.912.358.19,Tua,54.68
479,etawa,5,4.305.247.25,Dewasa,39.22
480,jawa,4,4008342.45,Tua,45.38
481,etawa,1,3.632.125.41,Dewasa,44.0
482,jawa,1,4.564.377.22,Remaja,27.98
483,etawa,1,2096894.05,Dewasa,77.67
484,etawa,5,4.011.834.06,Remaja,37.61
485,kacang,3,4.632.325.94,Tua,60.77
486,etawa,1,4781904.96,Dewasa,40.96
487,kacang,3,2482726.8,Dewasa,74.88
488,kacang,3,2900062.84,Tua,37.0
489,kacang,2,2900229.18,Dewasa,54.1
490,jawa,3,3200270.16,Dewasa,26.48
491,jawa,5,4884016.14,Remaja,55.93
492,kacang,4,1351693.82,Remaja,71.72
493,jawa,4,1.215.289.57,Dewasa,31.99
494,kacang,5,3285710.17,Tua,62.79
495,kacang,5,1342407.91,Remaja,77.24
496,jawa,2,2729464.42,Remaja,38.56
497,jawa,4,3339591.8,Remaja,47.29
498,etawa,1,4.749.288.24,Remaja,56.43
499,kacang,5,1516750.27,Dewasa,48.24
500,etawa,5,3963537.14,Tua,36.75
501,jawa,4,1.437.773.64,Remaja,51.31
502,kacang,4,1.489.532.78,Dewasa,42.28
503,kacang,4,2.130.762.66,Remaja,28.55
504,kacang,5,2.371.981.78,Remaja,41.31
505,jawa,5,1.539.467.61,Dewasa,33.49
506,etawa,2,2.455.939.63,Tua,37.27
507,jawa,5,2.335.834.16,Dewasa,19.68
508,kacang,1,1.814.284.63,Tua,37.42
509,kacang,1,2696147.87,Tua,63.12
510,etawa,2,1307956.4,Dewasa,68.79
511,etawa,4,3.084.922.69,Dewasa,70.25
512,etawa,5,4.748.645.59,Remaja,28.3
513,jawa,4,2501275.94,Dewasa,39.13
514,kacang,4,2971915.08,Remaja,66.71
515,kacang,1,3552805.03,Dewasa,22.75
516,etawa,3,2.599.164.05,Tua,33.15
517,jawa,1,1403788.79,Dewasa,57.9
518,jawa,5,4783374.84,Remaja,29.47
519,etawa,1,4239306.49,Tua,47.25
520,etawa,5,2609316.52,Dewasa,35.68
521,etawa,2,1.505.680.08,Remaja,61.91
522,etawa,5,2697954.33,Dewasa,28.82
523,etawa,5,4206747.52,Dewasa,74.41
524,jawa,5,1.669.020.48,Remaja,17.7
525,jawa,3,2154344.49,Remaja,28.95
526,jawa,2,1.915.868.89,Remaja,65.11
527,jawa,2,3598446.27,Dewasa,69.7
528,kacang,5,1.998.694.42,Tua,23.21
529,etawa,5,2354160.56,Remaja,18.74
530,kacang,4,2686634.02,Dewasa,25.83
531,jawa,4,1681304.39,Dewasa,21.41
532,kacang,5,4655753.57,Tua,29.69
533,kacang,3,1177763.04,Tua,44.48
534,kacang,4,3.593.993.97,Dewasa,54.68
535,jawa,4,3095468.75,Remaja,47.36
536,kacang,1,1.462.155.36,Tua,44.58
537,kacang,4,1715756.03,Dewasa,40.09
538,kacang,1,3909316.61,Remaja,61.91
539,jawa,4,1644926.54,Dewasa,57.64
540,jawa,4,3.980.982.21,Tua,53.28
541,kacang,2,1347623,Tua,38.49
542,kacang,4,1.530.795.34,Remaja,22.15
543,etawa,3,1.897.716.69,Remaja,15.73
544,etawa,3,3.284.073.68,Dewasa,35.15
545,jawa,4,1.475.379.93,Tua,50.36
546,etawa,1,3611803.69,Dewasa,48.31
547,etawa,4,3239958.58,Remaja,33.73
548,etawa,5,1592184.19,Tua,17.64
549,etawa,2,1.905.779.90,Remaja,67.75
550,jawa,1,1863651.28,Dewasa,47.35
551,jawa,5,2692227.18,Dewasa,48.32
552,jawa,4,3.008.128.72,Dewasa,76.81
553,kacang,2,3753588.34,Remaja,70.46
554,jawa,1,2.491.125.17,Tua,66.02
555,jawa,2,4.586.572.46,Dewasa,23.75
556,etawa,2,4.836.919.62,Dewasa,50.7
557,etawa,2,2.736.121.20,Tua,61.91
558,etawa,3,4.426.784.39,Dewasa,60.41
559,etawa,5,2924766.75,Remaja,15.2
560,etawa,3,1249011.1,Dewasa,73.75
561,jawa,3,2.081.986.75,Remaja,29.27
562,etawa,1,1806987.19,Dewasa,17.91
563,jawa,3,3.778.025.07,Tua,37.02
564,kacang,5,4018901.87,Tua,20.8
565,kacang,5,1399754.18,Dewasa,26.2
566,jawa,3,3183705.56,Dewasa,53.72
567,etawa,1,1.621.342.87,Tua,24.08
568,jawa,1,4661968.03,Dewasa,30.19
569,kacang,3,4.870.280.10,Tua,57.88
570,etawa,4,4651393.07,Remaja,33.75
571,kacang,2,1.481.635.08,Dewasa,77.87
572,jawa,1,2846410.9,Tua,77.47
573,jawa,1,4268197.9,Tua,75.66
574,etawa,4,2110898.65,Dewasa,60.14
575,etawa,2,2996638.41,Remaja,18.14
576,kacang,5,4.521.898.42,Remaja,22.92
577,kacang,3,1862414.69,Remaja,62.47
578,jawa,5,2049313.87,Tua,24.19
579,jawa,2,3658611.88,Dewasa,36.04
580,etawa,1,2.108.365.22,Remaja,53.3
581,etawa,5,3.251.798.31,Tua,38.59
582,kacang,2,2.948.026.81,Tua,59.05
583,etawa,3,2.559.683.45,Dewasa,31.27
584,etawa,3,4457045.46,Remaja,66.94
585,kacang,3,1.110.763.17,Remaja,68.56
586,jawa,5,2.851.602.32,Remaja,20.53
587,kacang,4,2.902.940.32,Dewasa,34.14
588,kacang,1,3.518.242.22,Remaja,44.82
589,jawa,2,2614392.41,Remaja,41.2
590,kacang,1,3303935.35,Dewasa,76.19
591,etawa,5,1689575.18,Remaja,46.84
592,kacang,1,3.684.762.30,Dewasa,62.69
593,etawa,5,4.144.467.91,Dewasa,26.42
594,kacang,5,2.220.402.73,Remaja,63.67
595,etawa,4,4051882.96,Remaja,74.34
596,etawa,5,1.733.926.67,Tua,61.91
597,etawa,2,2695756.78,Remaja,25.46
598,jawa,4,2528904.01,Dewasa,22.99
599,kacang,4,4.894.366.15,Remaja,48.89
600,kacang,3,1.748.096.67,Remaja,71.2
601,kacang,3,3.120.006.19,Dewasa,69.24
602,jawa,3,1.114.045.99,Tua,32.67
603,kacang,3,3.277.751.79,Dewasa,55.1
604,jawa,5,2.462.112.67,Dewasa,45.97
605,kacang,5,2.649.515.28,Tua,21.97
606,etawa,2,2711045.28,Tua,65.61
607,jawa,2,4449777.1,Remaja,44.45
608,etawa,2,2.774.812.67,Dewasa,37.11
609,etawa,1,4814231.29,Dewasa,61.29
610,etawa,5,2108678.05,Tua,54.05
611,kacang,1,4.815.639.61,Tua,19.84
612,kacang,3,4.190.752.88,Dewasa,54.33
613,kacang,1,4.580.635.05,Tua,22.47
614,kacang,2,3452517.44,Remaja,25.61
615,kacang,3,1820688.84,Remaja,78.35
616,etawa,4,2.533.284.04,Dewasa,46.34
617,kacang,4,3.011.337.40,Dewasa,72.43
618,etawa,1,1.966.705.68,Tua,24.88
619,jawa,1,4.289.482.10,Tua,30.56
620,kacang,5,3.296.322.16,Remaja,38.53
621,jawa,1,4533011.97,Dewasa,32.61
622,etawa,4,1327119.17,Tua,19.87
623,etawa,1,1015891.76,Remaja,23.2
624,etawa,4,2.844.778.76,Dewasa,48.49
625,etawa,3,1592547.34,Remaja,61.91
626,jawa,5,2.884.559.05,Remaja,27.91
627,etawa,4,4.042.904.65,Tua,62.1
628,jawa,3,4566183.21,Remaja,65.47
629,jawa,1,3879752.9,Tua,57.97
630,kacang,3,1466384.38,Dewasa,63.56
631,etawa,3,3648865.89,Tua,36.44
632,kacang,2,1012656.52,Dewasa,44.07
633,etawa,3,3.405.657.23,Dewasa,27.48
634,jawa,1,3299988.51,Remaja,63.08
635,etawa,1,3003376.81,Tua,49.7
636,jawa,1,4.303.785.51,Dewasa,23.12
637,jawa,3,4.306.914.02,Tua,32.51
638,etawa,4,1.059.745.62,Tua,63.56
639,kacang,4,3449954.72,Dewasa,36.44
640,jawa,2,3071570.93,Dewasa,57.24
641,jawa,3,3.596.930.48,Remaja,21.49
642,kacang,1,3803622.9,Dewasa,39.68
643,jawa,1,2.992.537.40,Dewasa,61.19
644,etawa,4,3.599.857.97,Tua,17.65
645,etawa,3,3468673.32,Dewasa,73.63
646,kacang,5,1.362.157.60,Remaja,69.0
647,kacang,5,2682881.79,Dewasa,48.29
648,kacang,3,4.702.261.70,Tua,15.97
649,etawa,3,4.172.188.27,Tua,21.7
650,jawa,2,1.271.629.11,Remaja,58.04
651,jawa,4,4.950.064.02,Remaja,18.89
652,jawa,4,2.521.985.78,Dewasa,74.97
653,kacang,3,3.562.573.42,Remaja,69.76
654,kacang,5,2.890.365.34,Tua,38.36
655,etawa,4,3.281.492.31,Tua,32.18
656,kacang,4,4630287.84,Remaja,63.25
657,etawa,3,1402671.06,Tua,59.44
658,jawa,5,1706114.73,Tua,17.29
659,jawa,2,4.747.414.00,Remaja,54.0
660,kacang,5,4791926.04,Tua,71.17
661,etawa,3,2.375.990.29,Tua,58.74
662,jawa,3,2.514.558.40,Remaja,61.19
663,kacang,4,2.614.104.14,Remaja,62.13
664,etawa,3,4230169.48,Tua,42.62
665,jawa,5,4973372.46,Remaja,66.6
666,kacang,5,2171578.89,Remaja,57.64
667,kacang,5,1617295.89,Dewasa,62.08
668,kacang,4,3967947.63,Dewasa,16.46
669,etawa,4,2.587.006.02,Tua,44.88
670,etawa,5,3349849.92,Dewasa,31.53
671,kacang,3,3058214.13,Dewasa,58.53
672,kacang,4,4.900.880.73,Remaja,67.13
673,jawa,5,2745871.51,Tua,53.58
674,kacang,2,1211731.41,Dewasa,47.36
675,etawa,2,1.070.565.05,Remaja,55.51
676,etawa,1,1.976.231.92,Remaja,57.19
677,jawa,1,1158117.4,Dewasa,75.8
678,jawa,3,4.780.679.43,Remaja,68.94
679,kacang,2,3382791.43,Dewasa,19.03
680,etawa,3,2172106.98,Remaja,71.67
681,etawa,2,4.904.245.53,Dewasa,66.13
682,jawa,2,1.409.762.52,Dewasa,57.9
683,jawa,2,4141744.87,Dewasa,49.32
684,etawa,1,1679315.64,Remaja,30.61
685,etawa,5,1.881.882.30,Dewasa,45.24
686,jawa,2,3.689.950.62,Remaja,60.31
687,etawa,1,4.965.259.51,Remaja,33.92
688,jawa,1,1.363.394.30,Tua,49.82
689,etawa,4,3780991.36,Remaja,57.24
690,jawa,4,4.199.060.77,Remaja,37.09
691,kacang,2,2.135.699.91,Tua,60.86
692,etawa,3,2783908.65,Remaja,58.62
693,etawa,2,2.544.323.18,Dewasa,50.59
694,jawa,5,1070591.35,Tua,68.33
695,jawa,5,3.954.424.18,Remaja,77.2
696,kacang,3,3411464.75,Tua,62.92
697,kacang,1,1034129.41,Remaja,19.14
698,kacang,4,3639297.51,Tua,78.51
699,kacang,1,4.650.783.21,Remaja,16.15
700,kacang,4,2873656.2,Tua,31.32
701,kacang,5,1583817.61,Remaja,50.78
702,kacang,2,1.663.545.88,Dewasa,35.75
703,kacang,5,3.086.636.34,Remaja,38.16
704,kacang,3,3.837.296.92,Tua,79.72
705,jawa,3,1524285.9,Remaja,16.54
706,etawa,1,3.470.082.70,Remaja,62.92
707,kacang,3,3.045.299.51,Tua,65.08
708,kacang,1,4.731.660.90,Dewasa,62.61
709,jawa,1,1.833.809.59,Remaja,17.87
710,jawa,5,1.397.526.15,Remaja,52.44
711,kacang,2,2.572.519.29,Dewasa,16.57
712,jawa,3,4638082.84,Dewasa,44.47
713,jawa,3,4441564.53,Remaja,17.75
714,jawa,3,2.769.574.97,Remaja,51.39
715,kacang,4,2.651.068.61,Tua,69.75
716,kacang,4,1045379.07,Tua,26.1
717,kacang,4,4.261.662.84,Remaja,16.22
718,jawa,4,2.930.773.14,Tua,22.65
719,etawa,5,3.794.230.42,Dewasa,40.21
720,etawa,1,1651446.04,Remaja,28.97
721,jawa,3,4257735.92,Dewasa,55.13
722,kacang,5,4413301.45,Tua,52.2
723,kacang,2,2822816.08,Tua,29.64
724,jawa,2,4001899.12,Tua,48.85
725,etawa,1,2794260.57,Tua,20.16
726,etawa,4,4.815.366.81,Remaja,47.23
727,kacang,1,1.379.979.79,Remaja,26.34
728,kacang,2,1566369.93,Tua,55.34
729,jawa,2,1636041.86,Tua,62.88
730,jawa,1,1.730.334.40,Remaja,65.7
731,kacang,1,4973115.72,Tua,54.09
732,kacang,2,1.878.571.41,Dewasa,41.67
733,kacang,1,1679496.24,Remaja,43.74
734,jawa,4,4435067.89,Dewasa,15.63
735,kacang,3,4304770.51,Dewasa,35.68
736,etawa,5,1.026.635.23,Remaja,27.58
737,etawa,5,3430304.36,Remaja,67.14
738,kacang,5,4292245.48,Tua,57.47
739,kacang,1,3.638.047.26,Remaja,52.77
740,jawa,3,2735859.77,Dewasa,23.18
741,etawa,5,4.402.933.55,Remaja,57.01
742,etawa,2,1.108.868.61,Remaja,51.04
743,jawa,4,2035141.92,Remaja,35.94
744,kacang,4,2189684.24,Tua,48.85
745,jawa,1,3.838.650.49,Tua,37.36
746,etawa,3,3.332.819.14,Remaja,62.92
747,jawa,1,2.718.065.85,Dewasa,18.83
748,etawa,1,1712129.2,Dewasa,58.97
749,jawa,4,1650341.13,Remaja,40.93
750,etawa,2,1.619.387.24,Dewasa,15.17
751,jawa,2,3738320.65,Dewasa,53.1
752,kacang,3,1397870.54,Remaja,24.68
753,etawa,4,2869181.24,Tua,65.49
754,jawa,5,2152867.47,Remaja,36.88
755,jawa,2,2117256.08,Dewasa,32.09
756,kacang,5,1.188.182.94,Dewasa,70.03
757,kacang,3,2.603.801.17,Tua,78.64
758,jawa,5,1.546.327.96,Remaja,38.19
759,jawa,4,3930232.28,Dewasa,62.92
760,jawa,5,2553654.9,Dewasa,73.5
761,jawa,3,4955744.8,Remaja,69.0
762,jawa,2,3.359.423.18,Dewasa,54.15
763,kacang,3,4183152.79,Remaja,53.6
764,jawa,4,2.626.726.56,Dewasa,40.58
765,etawa,3,1.220.915.43,Remaja,61.29
766,kacang,4,1.530.703.68,Remaja,78.64
767,etawa,1,3.665.619.96,Tua,62.08
768,etawa,5,1232863.28,Remaja,26.86
769,etawa,1,4603349.74,Dewasa,52.04
770,jawa,5,2208384.66,Remaja,31.11
771,jawa,4,3806957.53,Tua,44.55
772,jawa,1,2.348.176.12,Dewasa,65.67
773,etawa,2,1.584.516.31,Remaja,28.01
774,etawa,3,4792857.68,Remaja,58.47
775,kacang,4,4835546.23,Tua,34.82
776,jawa,5,2952744.24,Tua,29.18
777,kacang,2,4942856.47,Tua,67.37
778,etawa,2,3.426.803.46,Dewasa,75.49
779,jawa,5,1882261.85,Dewasa,55.06
780,jawa,5,4.889.836.18,Tua,55.24
781,kacang,3,2419179.74,Tua,53.53
782,kacang,3,3.603.153.56,Tua,23.41
783,kacang,1,3079045.41,Tua,40.84
784,kacang,1,2.708.380.12,Tua,76.5
785,etawa,1,1701127.23,Remaja,15.56
786,kacang,1,2776879.27,Dewasa,57.68
787,jawa,3,4.890.209.48,Tua,47.52
788,kacang,5,2297122.78,Remaja,25.76
789,jawa,1,1325787.36,Tua,46.53
790,jawa,1,3.915.323.87,Dewasa,24.27
791,jawa,1,2.833.926.05,Tua,28.43
792,kacang,1,3.280.312.86,Remaja,55.74
793,kacang,1,2.431.651.32,Remaja,77.26
794,kacang,3,1.884.511.47,Tua,71.81
795,etawa,3,3.909.551.84,Remaja,49.26
796,kacang,4,4.715.721.24,Dewasa,62.99
797,jawa,2,2432461.05,Dewasa,62.92
798,etawa,1,3467703.65,Dewasa,53.1
799,jawa,1,1129237.62,Remaja,70.82
800,etawa,1,2.044.035.77,Dewasa,16.81
801,etawa,1,3.482.192.12,Remaja,69.84
802,kacang,1,3084454.26,Remaja,40.05
803,jawa,5,2.891.896.93,Remaja,56.6
804,etawa,2,1186775.57,Remaja,22.68
805,kacang,1,1433226.91,Tua,19.0
806,kacang,1,1.639.586.96,Tua,74.4
807,kacang,5,3439768.83,Remaja,37.52
808,jawa,2,3.711.331.04,Tua,23.07
809,jawa,4,3.562.257.85,Tua,76.93
810,etawa,2,3271734.27,Tua,32.14
811,kacang,2,3.873.610.91,Remaja,24.63
812,etawa,5,1757622.42,Dewasa,78.85
813,kacang,3,4492218.57,Remaja,51.99
814,etawa,2,4941991.78,Dewasa,44.24
815,jawa,5,2.152.177.81,Dewasa,40.38
816,jawa,3,2120748.41,Remaja,47.1
817,kacang,4,4.706.760.28,Tua,77.14
818,etawa,2,2.398.667.82,Tua,18.15
819,jawa,1,3.575.185.95,Tua,20.68
820,jawa,1,2.820.156.48,Dewasa,47.19
821,kacang,2,2476076.68,Tua,46.25
822,jawa,3,3.387.485.06,Dewasa,40.75
823,kacang,2,4580478.55,Dewasa,74.58
824,kacang,3,4.162.004.20,Remaja,45.78
825,etawa,5,2.190.294.59,Remaja,72.13
826,kacang,3,4.353.969.87,Remaja,35.57
827,kacang,3,2246549.48,Remaja,62.92
828,kacang,4,4347111.34,Dewasa,16.25
829,etawa,4,4.688.315.56,Remaja,62.14
830,kacang,2,4.713.595.29,Remaja,47.85
831,jawa,5,2866708.33,Tua,46.52
832,kacang,4,4.963.240.53,Dewasa,60.28
833,etawa,5,3494191.74,Dewasa,72.7
834,kacang,5,1.761.542.02,Tua,56.82
835,jawa,3,2967186.03,Tua,29.19
836,kacang,2,1015029.76,Tua,52.09
837,jawa,1,2.066.487.42,Remaja,61.41
838,kacang,3,4983286.43,Dewasa,17.59
839,jawa,1,4802329.5,Tua,69.43
840,etawa,2,4379027.65,Dewasa,50.1
841,jawa,1,3.043.400.92,Remaja,66.45
842,etawa,3,1254399.72,Tua,69.16
843,kacang,1,3.810.961.90,Dewasa,67.31
844,etawa,5,3169933.66,Dewasa,66.46
845,kacang,3,1010493.88,Tua,57.77
846,jawa,1,3417932.07,Remaja,41.06
847,kacang,4,4.797.877.23,Tua,63.36
848,jawa,1,1.302.620.34,Dewasa,61.81
849,jawa,2,4.848.701.64,Remaja,50.32
850,jawa,5,3447426.6,Tua,44.03
851,jawa,1,4.411.191.70,Dewasa,25.37
852,kacang,4,4.285.958.60,Remaja,40.12
853,etawa,4,4154229.46,Dewasa,62.92
854,jawa,4,4320143.45,Tua,64.33
855,kacang,4,3544992.39,Dewasa,56.01
856,kacang,1,4.039.664.14,Tua,30.73
857,jawa,2,3065172.3,Remaja,19.2
858,etawa,1,1376957.45,Dewasa,45.54
859,jawa,5,2015325.62,Tua,38.29
860,kacang,2,2.587.189.17,Remaja,63.77
861,jawa,1,3.253.076.79,Remaja,27.04
862,jawa,4,1269346.17,Remaja,36.66
863,jawa,1,4828527.6,Tua,42.75
864,jawa,5,1861198.53,Remaja,77.09
865,kacang,5,4195410.21,Dewasa,43.44
866,kacang,2,2.951.174.36,Dewasa,24.95
867,etawa,2,2709904.54,Remaja,33.48
868,etawa,2,2.964.762.65,Tua,46.44
869,kacang,4,1.663.844.32,Tua,57.29
870,etawa,4,4077739.41,Dewasa,33.76
871,jawa,2,2.424.995.84,Tua,37.51
872,kacang,4,3.874.046.82,Tua,30.31
873,jawa,3,2.532.669.67,Dewasa,47.48
874,kacang,2,1.037.409.86,Remaja,20.85
875,etawa,1,1411331.13,Tua,30.21
876,kacang,1,3161807.45,Dewasa,45.34
877,etawa,1,4.350.246.49,Dewasa,49.44
878,jawa,2,2.398.180.93,Dewasa,23.84
879,jawa,4,3024849.02,Dewasa,30.13
880,etawa,3,4.713.595.42,Remaja,57.8
881,jawa,1,2.667.551.73,Remaja,32.25
882,jawa,2,3.693.265.97,Remaja,62.17
883,etawa,3,1.747.967.63,Tua,70.52
884,etawa,4,1153283.64,Tua,36.39
885,kacang,4,4.060.306.39,Remaja,65.49
886,etawa,3,3.189.050.76,Remaja,51.67
887,jawa,3,2993484.75,Remaja,32.15
888,kacang,4,3.481.330.48,Tua,78.89
889,jawa,4,3857858.75,Dewasa,43.84
890,jawa,2,4.147.228.33,Remaja,16.95
891,kacang,1,4.214.604.24,Dewasa,77.88
892,jawa,1,1.971.395.25,Dewasa,23.05
893,etawa,4,2300742.65,Dewasa,74.8
894,jawa,4,1767100.43,Remaja,54.58
895,kacang,2,2.417.683.00,Tua,19.27
896,kacang,5,4054317.52,Tua,74.54
897,jawa,3,4.839.207.66,Remaja,28.59
898,jawa,1,1414168.03,Dewasa,74.16
899,kacang,5,2.689.862.86,Tua,58.83
900,etawa,2,3.859.112.98,Tua,51.09
901,kacang,3,2704266.21,Tua,38.02
902,etawa,2,2.048.441.57,Tua,76.28
903,jawa,4,2.310.515.55,Remaja,62.03
904,etawa,5,2.841.570.43,Remaja,45.79
905,kacang,5,1.861.771.19,Remaja,45.85
906,jawa,4,1434159,Dewasa,19.64
907,jawa,1,1648594.2,Remaja,61.46
908,kacang,5,3.309.500.59,Tua,39.85
909,kacang,3,3.293.074.84,Remaja,48.46
910,etawa,1,4.824.779.75,Remaja,66.82
911,etawa,3,1285929.92,Tua,23.75
912,etawa,5,4.130.470.04,Tua,35.0
913,etawa,5,2.652.407.70,Tua,26.56
914,kacang,4,1828089.08,Dewasa,29.79
915,etawa,2,2002597.63,Dewasa,15.34
916,jawa,3,1.633.816.35,Dewasa,38.1
917,jawa,4,1466668.38,Remaja,79.72
918,etawa,5,1.863.108.85,Dewasa,69.56
919,kacang,2,3060739.18,Remaja,27.99
920,kacang,4,4.379.408.52,Tua,37.46
921,jawa,2,3675036.67,Tua,23.34
922,etawa,1,1.498.232.59,Remaja,42.41
923,jawa,4,1.837.023.91,Remaja,50.17
924,etawa,5,1459990.81,Tua,72.54
925,kacang,5,1.826.698.18,Remaja,17.75
926,etawa,3,4.677.637.66,Remaja,61.43
927,kacang,1,3.649.220.11,Tua,31.64
928,etawa,4,3492547.71,Remaja,49.93
929,jawa,1,3798754.6,Dewasa,29.41
930,jawa,2,2426318.64,Tua,52.98
931,jawa,1,4.867.384.99,Remaja,50.13
932,kacang,1,1925740.18,Remaja,59.86
933,jawa,1,4.050.767.60,Tua,35.64
934,etawa,4,1.648.670.28,Remaja,41.59
935,jawa,3,3.497.997.97,Dewasa,25.83
936,kacang,4,4864502.75,Tua,65.09
937,etawa,3,1.091.305.16,Remaja,70.69
938,kacang,2,2.020.456.19,Remaja,57.52
939,etawa,4,4433790.57,Tua,78.6
940,jawa,3,2146723.43,Remaja,29.56
941,jawa,5,4900528.73,Remaja,66.71
942,jawa,4,3474533.62,Dewasa,55.95
943,kacang,4,1950769.79,Dewasa,36.42
944,kacang,5,3850749.87,Remaja,62.24
945,etawa,4,1663885.79,Remaja,69.32
946,jawa,2,2298408.91,Tua,44.0
947,jawa,4,1.856.573.15,Dewasa,61.59
948,etawa,2,1374910.4,Remaja,44.46
949,jawa,4,3001390.73,Dewasa,41.2
950,etawa,2,2.829.110.91,Tua,54.83
951,kacang,1,4.943.408.48,Remaja,52.45
952,etawa,2,1876643.76,Tua,54.71
953,etawa,2,1355123.72,Dewasa,73.66
954,etawa,2,4.682.731.63,Remaja,54.33
955,kacang,3,4647854.69,Tua,24.92
956,etawa,3,3.099.928.46,Tua,41.25
957,jawa,4,1754130.47,Dewasa,63.5
958,etawa,4,4.338.276.17,Dewasa,78.03
959,jawa,1,2.306.711.91,Tua,44.11
960,jawa,4,4.888.383.55,Remaja,73.07
961,kacang,2,1901090.25,Dewasa,46.08
962,etawa,3,2.020.124.06,Dewasa,35.18
963,jawa,3,4.855.171.80,Remaja,20.62
964,kacang,1,3759752.01,Dewasa,33.07
965,jawa,4,1.683.910.86,Tua,70.59
966,kacang,2,3655975.42,Dewasa,75.87
967,kacang,2,3535296,Remaja,67.09
968,kacang,1,4.609.482.40,Dewasa,27.25
969,etawa,2,1.780.482.09,Dewasa,24.68
970,kacang,3,1226434.71,Remaja,74.29
971,kacang,3,4194380.89,Tua,62.86
972,jawa,2,4.555.733.12,Remaja,16.41
973,kacang,3,4599871.48,Dewasa,16.26
974,etawa,3,4411848.6,Remaja,79.64
975,kacang,2,4905050.34,Tua,62.92
976,jawa,5,4.750.203.56,Dewasa,64.84
977,etawa,1,1.106.026.75,Tua,35.75
978,kacang,1,2565488.99,Remaja,31.44
979,kacang,3,4336361.9,Remaja,29.62
980,jawa,4,3.582.799.33,Remaja,32.8
981,kacang,5,4.498.711.17,Remaja,35.75
982,etawa,2,1385867.97,Remaja,46.83
983,kacang,1,1.522.626.72,Dewasa,38.5
984,jawa,4,2774595.95,Remaja,75.12
985,jawa,3,1.272.448.57,Remaja,34.6
986,jawa,1,2.678.541.56,Dewasa,67.46
987,kacang,2,4816366.38,Remaja,45.17
988,etawa,1,1135952.58,Tua,39.63
989,jawa,3,1607264.62,Remaja,45.25
990,jawa,5,1715979.44,Tua,27.84
991,jawa,4,3404858.88,Remaja,48.61
992,kacang,4,1.049.698.32,Dewasa,71.36
993,etawa,4,2.879.196.84,Remaja,59.5
994,kacang,1,1459054.79,Remaja,49.21
995,kacang,1,1.101.543.80,Tua,40.67
996,etawa,1,4878129.88,Remaja,43.29
997,jawa,5,3.273.117.27,Dewasa,58.22
998,jawa,3,4.583.184.46,Remaja,62.92
999,etawa,2,1.919.079.61,Tua,47.13
1000,jawa,5,2.613.507.37,Dewasa,55.79
1001,jawa,5,3.753.263.44,Tua,58.02
1002,jawa,3,1.955.620.44,Remaja,28.77
1003,jawa,3,2.227.438.87,Remaja,67.52
1004,jawa,1,1126582.47,Remaja,34.59
1005,kacang,3,2.802.616.20,Tua,58.74
1006,jawa,5,4432304.87,Remaja,56.46
1007,etawa,2,3.483.794.94,Tua,37.42
1008,jawa,5,4432405.59,Remaja,74.69
1009,jawa,5,1884951.62,Tua,57.12
1010,jawa,5,2785677.81,Dewasa,47.52
1011,kacang,2,4.573.179.27,Remaja,29.34
1012,etawa,1,1.806.217.79,Dewasa,29.17
1013,etawa,1,4281804.65,Remaja,22.15
1014,jawa,1,1.083.854.00,Tua,17.06
1015,kacang,2,4955299.56,Dewasa,70.28
1016,jawa,4,3467562.15,Remaja,20.41
1017,kacang,1,2.030.063.39,Remaja,77.99
1018,etawa,3,2203248.66,Remaja,58.63
1019,kacang,4,1.450.834.10,Dewasa,23.51
1020,kacang,3,2785243.33,Tua,25.31
1021,etawa,2,3554459.07,Tua,58.22
1022,etawa,1,4367669.67,Remaja,52.24
1023,jawa,3,1790089.83,Tua,28.15
1024,kacang,1,2642768.71,Dewasa,52.74
1025,kacang,3,4.110.191.81,Tua,46.69
1026,kacang,3,2346530.28,Tua,45.06
1027,etawa,2,2345284.72,Dewasa,26.57
1028,kacang,3,3721829.1,Tua,31.51
1029,kacang,1,4812074.98,Tua,78.42
1030,etawa,4,1.545.967.00,Tua,20.35
1031,etawa,3,1508801.19,Tua,71.48
1032,etawa,4,2.350.968.35,Remaja,74.64
1033,jawa,3,2066517.9,Remaja,17.9
1034,jawa,3,4215678.46,Tua,40.19
1035,kacang,4,3.327.719.92,Tua,29.55
1036,kacang,4,4.180.394.60,Tua,29.21
1037,jawa,5,4588749.75,Remaja,78.14
1038,etawa,2,2.917.013.56,Remaja,42.61
1039,etawa,5,3.097.376.66,Tua,58.26
1040,jawa,4,4347780.26,Dewasa,29.36
1041,kacang,1,2.220.733.10,Tua,65.37
1042,kacang,4,3.452.229.08,Tua,18.26
1043,kacang,5,3108098.22,Remaja,61.11
1044,etawa,3,4.190.626.76,Tua,19.19
1045,jawa,5,2753840.98,Remaja,72.61
1046,jawa,5,1713435.89,Dewasa,50.92
1047,jawa,4,4639334.99,Remaja,64.28
1048,kacang,3,1.604.248.16,Tua,69.87
1049,jawa,1,3110884.67,Dewasa,39.92
1050,jawa,3,3910783.41,Tua,39.26
1051,jawa,1,3886086.99,Remaja,79.77
1052,jawa,5,3.804.552.96,Tua,68.7
1053,kacang,2,4.913.466.45,Dewasa,27.6
1054,etawa,2,4411122.42,Remaja,33.0
1055,kacang,3,1993033.68,Remaja,53.77
1056,kacang,2,4649245.5,Dewasa,77.98
1057,kacang,5,1079735.06,Dewasa,63.6
1058,etawa,1,1037153.19,Dewasa,78.83
1059,kacang,5,2.041.172.56,Remaja,51.72
1060,jawa,4,3.875.090.93,Remaja,74.71
1061,etawa,5,4044283.27,Dewasa,67.9
1062,etawa,4,2292315.23,Dewasa,17.49
1063,etawa,4,1661761.24,Remaja,27.6
1064,jawa,3,3194412.81,Tua,15.97
1065,etawa,2,1.533.056.01,Dewasa,31.0
1066,jawa,3,1.261.987.42,Tua,59.08
1067,jawa,1,4677061.41,Tua,45.57
1068,etawa,3,1.453.600.38,Remaja,27.13
1069,etawa,4,1732029.97,Tua,57.31
1070,kacang,4,1719684.81,Tua,32.71
1071,etawa,4,1.474.728.78,Dewasa,75.07
1072,kacang,2,2.812.588.41,Remaja,16.8
1073,jawa,5,3.065.704.18,Remaja,25.09
1074,jawa,3,4.293.172.68,Tua,73.37
1075,etawa,4,1161167.37,Remaja,40.07
1076,kacang,1,4.398.090.95,Dewasa,49.53
1077,etawa,5,1123027.11,Remaja,70.1
1078,etawa,2,1.383.127.76,Dewasa,32.97
1079,jawa,5,3236379.22,Dewasa,21.58
1080,kacang,2,2.205.679.92,Dewasa,45.08
1081,etawa,4,2188710.01,Remaja,27.85
1082,kacang,5,4.566.582.96,Remaja,78.91
1083,kacang,4,3.861.012.58,Tua,74.72
1084,kacang,1,1079733.81,Dewasa,46.82
1085,kacang,5,1.000.283.79,Remaja,32.42
1086,etawa,5,1391458.51,Remaja,55.24
1087,etawa,1,2.996.513.01,Remaja,26.63
1088,jawa,4,1814130.12,Remaja,43.91
1089,etawa,3,2326659,Dewasa,78.58
1090,jawa,5,1651001.55,Remaja,37.47
1091,jawa,3,3.238.088.94,Tua,33.36
1092,kacang,1,1468586.84,Tua,65.69
1093,kacang,2,4521150.88,Tua,69.52
1094,jawa,1,4.612.979.76,Dewasa,33.36
1095,etawa,4,2.420.561.33,Tua,74.37
1096,kacang,2,1433977.6,Remaja,49.1
1097,etawa,2,1156834.16,Remaja,60.1
1098,etawa,3,4364478.08,Tua,22.1
1099,kacang,4,3.978.882.08,Remaja,79.92
1100,jawa,5,1472095.05,Remaja,35.37
1101,jawa,1,3977219.22,Dewasa,49.67
1102,kacang,5,3.888.088.58,Tua,46.09
1103,etawa,4,4.631.032.74,Dewasa,16.83
1104,kacang,1,1.994.111.36,Tua,74.72
1105,etawa,5,3354239.13,Dewasa,66.57
1106,etawa,3,1.185.231.25,Dewasa,53.93
1107,kacang,3,4.427.507.29,Remaja,65.57
1108,jawa,5,4.855.368.46,Remaja,58.06
1109,kacang,3,1.367.689.79,Tua,29.37
1110,kacang,2,3.374.162.42,Tua,79.88
1111,jawa,5,1047523.13,Remaja,45.67
1112,jawa,4,4343560.7,Remaja,24.97
1113,jawa,3,1018579.73,Dewasa,21.87
1114,etawa,3,2.899.019.12,Remaja,30.71
1115,jawa,3,1118354.55,Remaja,62.62
1116,etawa,5,2.152.210.94,Remaja,17.97
1117,kacang,3,1.814.696.52,Tua,57.51
1118,etawa,2,3.582.853.95,Dewasa,43.26
1119,etawa,3,2296171.5,Dewasa,50.28
1120,etawa,2,1687936.61,Remaja,63.5
1121,jawa,3,4.425.901.23,Tua,40.64
1122,jawa,3,3870064.6,Tua,23.13
1123,kacang,2,4.369.202.41,Dewasa,65.79
1124,etawa,1,1.910.790.89,Tua,38.22
1125,kacang,4,2153826.57,Remaja,62.92
1126,kacang,5,2290107.92,Remaja,54.7
1127,kacang,5,1.425.929.45,Remaja,61.77
1128,etawa,3,2003351.17,Dewasa,25.69
1129,etawa,2,4716213.73,Remaja,79.51
1130,kacang,3,4187493.33,Dewasa,31.51
1131,kacang,1,4773103.43,Dewasa,16.37
1132,jawa,2,4635145.7,Dewasa,19.02
1133,jawa,2,1.416.887.37,Tua,19.33
1134,jawa,1,3.943.955.93,Tua,68.82
1135,jawa,4,4.347.632.81,Tua,56.41
1136,etawa,4,3607817.37,Dewasa,22.9
1137,kacang,4,4634355.71,Dewasa,75.7
1138,jawa,3,3.960.753.62,Tua,27.04
1139,jawa,1,2752322.38,Remaja,79.96
1140,jawa,5,2.075.153.18,Remaja,42.45
1141,jawa,3,1195105.05,Tua,79.07
1142,jawa,1,1.689.488.23,Tua,46.11
1143,etawa,5,3024719.78,Remaja,20.6
1144,etawa,3,1444219.97,Tua,37.51
1145,kacang,1,1719571.18,Dewasa,28.59
1146,kacang,1,4540085.76,Remaja,17.26
1147,jawa,1,3311745.14,Remaja,74.83
1148,kacang,3,3.171.172.49,Remaja,24.62
1149,etawa,1,1334745.16,Tua,38.78
1150,kacang,4,2661050.44,Dewasa,73.8
1151,etawa,1,2313805.39,Dewasa,62.14
1152,jawa,3,4.114.012.63,Tua,62.92
1153,jawa,4,4.224.981.47,Dewasa,50.09
1154,kacang,4,3.317.981.25,Dewasa,64.03
1155,etawa,1,1850997.95,Tua,65.61
1156,jawa,3,2605763.42,Dewasa,46.31
1157,jawa,5,1.277.105.01,Remaja,77.26
1158,jawa,3,2576440.24,Dewasa,55.79
1159,etawa,2,3764437.1,Remaja,54.57
1160,jawa,1,2799409.11,Remaja,15.56
1161,etawa,5,1.260.933.00,Remaja,38.16
1162,jawa,1,2674866.82,Tua,17.65
1163,jawa,4,1849509.75,Tua,60.45
1164,kacang,1,2532377.52,Remaja,16.95
1165,jawa,2,3.171.994.91,Dewasa,46.82
1166,kacang,1,1.395.758.61,Tua,33.33
1167,kacang,4,1.053.957.89,Dewasa,16.3
1168,jawa,4,1.857.294.02,Tua,22.31
1169,jawa,3,2.210.873.55,Remaja,43.91
1170,kacang,1,1372767.16,Tua,15.97
1171,etawa,1,3.883.745.53,Dewasa,44.24
1172,etawa,4,1614583.39,Remaja,65.11
1173,etawa,4,2493776.05,Tua,23.13
1174,kacang,2,3.460.464.36,Remaja,19.5
1175,jawa,1,1.451.141.60,Remaja,61.77
1176,kacang,3,3.103.822.33,Remaja,50.79
1177,jawa,3,1415875.68,Remaja,71.03
1178,etawa,3,3.243.112.51,Remaja,23.62
1179,jawa,3,2.204.672.53,Tua,35.65
1180,etawa,1,1202720.37,Dewasa,32.9
1181,etawa,5,3.573.479.62,Dewasa,40.7
1182,jawa,5,2.901.521.98,Remaja,22.31
1183,etawa,3,2.508.827.14,Tua,43.91
1184,etawa,2,2.783.701.31,Tua,36.01
1185,kacang,3,3813196.76,Dewasa,17.65
1186,kacang,4,4985639.74,Tua,60.45
1187,etawa,3,4800833.24,Remaja,37.51
1188,jawa,1,1789095.01,Remaja,28.59
1189,jawa,4,1071224.57,Remaja,17.26
1190,kacang,2,3260476.9,Dewasa,78.91
1191,kacang,3,3075210.58,Remaja,74.72
1192,kacang,1,4976176.31,Dewasa,46.82
1193,etawa,3,2452249.1,Dewasa,32.42
1194,jawa,3,1.836.263.75,Dewasa,55.24
1195,jawa,1,2036285.15,Tua,26.63
1196,etawa,5,1698343.71,Dewasa,43.91
1197,jawa,5,2.058.928.97,Tua,78.58
1198,etawa,1,3.246.586.13,Tua,37.47
1199,jawa,4,4.575.979.31,Tua,33.36
1200,jawa,4,1234881.88,Tua,65.69
1201,kacang,4,4625229.44,Remaja,69.52
1202,etawa,2,2.193.490.80,Dewasa,33.36
1203,jawa,2,1.973.391.97,Remaja,74.37
1204,etawa,4,4.577.300.70,Remaja,49.1
1205,etawa,2,3377990.56,Dewasa,60.1
1206,kacang,4,1315063.08,Remaja,22.1
1207,jawa,5,1670770.57,Tua,79.92
1208,etawa,2,1.262.362.63,Remaja,35.37
1209,jawa,5,4582192.29,Remaja,49.67
1210,jawa,2,1021214.43,Dewasa,46.09
1211,jawa,3,2895145.32,Remaja,16.83
1212,kacang,3,3.857.560.71,Remaja,74.72
1213,etawa,3,4359226.19,Remaja,66.57
1214,jawa,3,4.645.628.93,Dewasa,53.93
1215,jawa,1,4562533.78,Remaja,65.57
1216,jawa,3,2.690.586.48,Remaja,40.67
1217,kacang,2,2280797.36,Dewasa,43.29
1218,kacang,1,3733045.31,Dewasa,58.22
1219,etawa,2,3404476.78,Remaja,62.92
1220,etawa,4,3441045.01,Tua,47.13
1221,jawa,4,1.645.561.41,Remaja,55.79
1222,etawa,2,2413281.68,Dewasa,58.02
1223,etawa,4,3740820.04,Remaja,28.77
1224,kacang,1,1.583.540.78,Tua,67.52
1225,jawa,2,4.071.607.63,Dewasa,34.59
1226,kacang,4,1422543.26,Tua,58.74
1227,etawa,4,3.008.440.54,Remaja,56.46
1228,etawa,1,2.702.612.24,Remaja,37.42
1229,jawa,3,1.525.433.67,Dewasa,74.69
1230,jawa,5,2922832.92,Tua,57.12
1231,etawa,2,3.223.984.48,Remaja,47.52
1232,jawa,2,1939884.6,Tua,29.34
1233,jawa,5,3.867.162.42,Dewasa,29.17
1234,jawa,3,2310391.28,Remaja,22.15
1235,jawa,4,4.562.699.00,Tua,17.06
1236,jawa,1,4.632.419.23,Remaja,70.28
1237,kacang,4,1237206.72,Remaja,20.41
1238,jawa,2,3.193.340.13,Tua,77.99
1239,kacang,1,3703980.05,Dewasa,58.63
1240,etawa,5,3.401.221.57,Dewasa,23.51
1241,kacang,3,1.758.832.70,Remaja,25.31
1242,kacang,2,3.902.720.40,Tua,58.22
1243,etawa,2,1284645.55,Tua,52.24
1244,etawa,3,3640794.28,Dewasa,28.15
1245,etawa,3,1.544.639.40,Tua,52.74
1246,etawa,2,1639802.51,Remaja,46.69
1247,etawa,5,4793781.74,Dewasa,45.06
1248,kacang,1,2.650.147.12,Remaja,26.57
1249,jawa,5,3244561.52,Tua,31.51
1250,etawa,2,4.567.653.51,Remaja,78.42
